epoch,total_loss,recon_loss,kl_loss,accuracy,masked_accuracy
0,28448.9607421875,28246.5140625,202.44675788879394,0.7713821172714234,0.5459722012281418
1,15591.547705078125,14122.144384765625,1469.4031494140625,0.9116934478282929,0.5583235859870911
2,10947.300732421874,10069.731396484374,877.5692352294922,0.9112375617027283,0.564423581957817
3,9960.85048828125,9164.73466796875,796.1158752441406,0.9158393442630768,0.5723617553710938
4,9574.358715820312,9076.2287109375,498.12987060546874,0.9182201087474823,0.5782428324222565
5,9315.098706054687,8795.810205078125,519.2886413574219,0.9181538641452789,0.5726175844669342
6,9167.007275390624,8656.594091796875,510.41322021484376,0.9172869026660919,0.5744258165359497
7,8910.945458984375,8386.784008789062,524.1614868164063,0.9175908207893372,0.571396803855896
8,8717.3810546875,8148.613623046875,568.7672821044922,0.9131799697875976,0.5596563637256622
9,8484.227978515624,7952.549658203125,531.6782119750976,0.9124104022979737,0.5551442503929138
10,8399.360107421875,7895.535498046875,503.82460021972656,0.9158120572566986,0.5688854306936264
11,8351.2505859375,7868.732080078125,482.5184661865234,0.9152451157569885,0.5487914502620697
12,8216.516552734374,7730.5822265625,485.93430480957034,0.915424358844757,0.5637595295906067
13,8212.71728515625,7730.03330078125,482.6840026855469,0.9114090144634247,0.5466719925403595
14,8015.86484375,7545.486743164062,470.37815856933594,0.9152801990509033,0.5607082903385162
15,8006.90400390625,7574.7086181640625,432.1953643798828,0.9155470907688141,0.5629391312599182
16,7951.989501953125,7492.3951416015625,459.59442749023435,0.9141151368618011,0.5573976755142211
17,7894.269775390625,7475.598193359375,418.6715515136719,0.9151983559131622,0.5641075968742371
18,7901.7314453125,7500.0361328125,401.69529724121094,0.9147424757480621,0.5634758561849594
19,7892.170654296875,7459.459912109375,432.7106231689453,0.913183867931366,0.5547573029994964
20,7785.791967773437,7381.056591796875,404.73534240722654,0.9149684727191925,0.5561689347028732
21,7796.967358398438,7390.12880859375,406.8385864257813,0.9161763906478881,0.5641274511814117
22,7774.227124023438,7367.307592773437,406.9196533203125,0.915373706817627,0.5611929178237915
23,7716.653662109375,7310.224609375,406.4289184570313,0.9142456650733948,0.5561031579971314
24,7744.829077148437,7329.484399414063,415.34465942382815,0.9147210419178009,0.556220817565918
25,7682.2618408203125,7275.49990234375,406.7619857788086,0.9165368139743805,0.5685873568058014
26,7695.640087890625,7319.5576171875,376.0825439453125,0.9145125865936279,0.5661653101444244
27,7641.9658203125,7272.2833984375,369.6824554443359,0.9178888976573945,0.5745769441127777
28,7660.379663085938,7296.30419921875,364.0753173828125,0.9154984056949615,0.5580701172351837
29,7638.403247070312,7259.207788085938,379.19545593261716,0.9155665814876557,0.5605306565761566
30,7613.412817382812,7230.247412109375,383.1653350830078,0.9162367880344391,0.5632542073726654
31,7575.1083984375,7213.4552734375,361.6531951904297,0.9148184597492218,0.5636901438236237
32,7577.486669921875,7206.059814453125,371.42674865722654,0.9165835678577423,0.5652354180812835
33,7568.340649414063,7208.730249023438,359.6103454589844,0.9153113663196564,0.5634544730186463
34,7543.349267578125,7182.14423828125,361.20501098632815,0.9171388328075409,0.5726409554481506
35,7505.694018554687,7153.328369140625,352.3656707763672,0.9159796118736268,0.5679814398288727
36,7513.534130859375,7163.33525390625,350.19903869628905,0.9165991544723511,0.5617898583412171
37,7525.207080078125,7173.13388671875,352.0732360839844,0.9143177568912506,0.5618532478809357
38,7508.027294921875,7161.89140625,346.1357696533203,0.9173940479755401,0.5724923074245453
39,7513.7326171875,7168.080859375,345.6516876220703,0.9145047903060913,0.5641349375247955
40,7476.203540039062,7134.697045898438,341.5065063476562,0.9169517934322358,0.5710297226905823
41,7489.0936279296875,7144.716455078125,344.3772399902344,0.9166089057922363,0.56934295296669
42,7500.746875,7123.2322265625,377.5146514892578,0.9160400032997131,0.5657998144626617
43,7464.48857421875,7114.97392578125,349.5146423339844,0.9167199432849884,0.5734941244125367
44,7471.310107421875,7127.39501953125,343.91513977050784,0.9167024195194244,0.5718802571296692
45,7449.3650390625,7117.100146484375,332.2648681640625,0.9171446681022644,0.5735048770904541
46,7433.695703125,7075.321923828125,358.3738052368164,0.9165095329284668,0.5710363447666168
47,7417.113037109375,7083.315087890625,333.79798278808596,0.9143839955329895,0.5606978416442872
48,7434.509692382812,7099.515063476562,334.9946990966797,0.9179570972919464,0.5758918285369873
49,7396.486474609375,7080.394580078125,316.09192810058596,0.917380404472351,0.5766540765762329
50,7339.460864257812,7030.131103515625,309.3297485351562,0.9200748383998871,0.5860610783100129
51,7384.970629882812,7067.53720703125,317.4333129882813,0.917625880241394,0.5718031466007233
52,7386.380078125,7068.610205078125,317.769873046875,0.9155568420886994,0.5654788941144944
53,7428.646655273437,7092.280493164062,336.3661743164063,0.9169654309749603,0.565294498205185
54,7401.0154296875,7054.723681640625,346.29169311523435,0.9170608937740325,0.5782676041126251
55,7402.8216796875,7068.895849609375,333.9258117675781,0.920474237203598,0.5785646677017212
56,7400.337329101562,7069.99931640625,330.3379730224609,0.9193150222301483,0.575436931848526
57,7379.001904296875,7057.01572265625,321.98609619140626,0.9192390382289887,0.5839090704917907
58,7350.528466796875,7014.951611328125,335.57682647705076,0.9177018642425537,0.5708320617675782
59,7350.28994140625,7048.504541015625,301.78544921875,0.9206242382526397,0.5859492599964142
60,7355.35556640625,7039.216015625,316.13953857421876,0.9175050973892211,0.5726161122322082
61,7323.995556640625,6992.272802734375,331.7227081298828,0.9185084581375123,0.5814270079135895
62,7318.722314453125,7015.56884765625,303.1534393310547,0.918481171131134,0.569858831167221
63,7355.481982421875,7062.577563476562,292.9043792724609,0.9173472940921783,0.574998265504837
64,7429.961328125,7061.80048828125,368.1607360839844,0.917212861776352,0.5782129347324372
65,7404.426416015625,7027.461279296875,376.9652069091797,0.9185142993927002,0.5828513622283935
66,7390.7521484375,7079.222314453125,311.5298309326172,0.9179181277751922,0.5778132855892182
67,7371.523193359375,7042.34892578125,329.1743896484375,0.9194260776042938,0.5845937341451645
68,7336.723852539062,7033.765576171875,302.9582946777344,0.9178947389125824,0.5744988441467285
69,7331.5025390625,7026.086376953125,305.4161605834961,0.9177992820739747,0.5760351240634918
70,7306.365673828125,6975.898388671875,330.46727294921874,0.9193306148052216,0.5803662002086639
71,7310.0453125,7001.280224609375,308.76510467529295,0.9183603823184967,0.5773610472679138
72,7288.137353515625,6991.9117431640625,296.22560119628906,0.9215282380580903,0.5909757077693939
73,7292.506567382812,6977.413330078125,315.09317779541016,0.9200728893280029,0.5834219574928283
74,7288.800634765625,6973.093701171875,315.70690002441404,0.9200027763843537,0.5817956328392029
75,7288.257470703125,6989.106982421875,299.1505554199219,0.9185883343219757,0.5803955674171448
76,7294.28466796875,6996.38916015625,297.8956298828125,0.9183837592601776,0.5815946638584137
77,7250.634985351562,6938.970141601562,311.6648696899414,0.920614504814148,0.587873762845993
78,7280.144287109375,6982.172265625,297.97211303710935,0.9188513398170471,0.584245353937149
79,7263.81162109375,6963.37109375,300.4406204223633,0.9191416382789612,0.5800183027982712
80,7265.8267578125,6965.729052734375,300.0977264404297,0.9184909164905548,0.5817590951919556
81,7264.1908203125,6975.836865234375,288.35397186279295,0.9200222373008728,0.5769291400909424
82,7272.843310546875,6976.081201171875,296.7621368408203,0.9190968155860901,0.5886557877063752
83,7249.638623046875,6944.1814453125,305.4571929931641,0.9190013468265533,0.5854714393615723
84,7268.096875,6973.329345703125,294.7674285888672,0.9182123064994812,0.5774650037288666
85,7289.4130859375,6979.772021484375,309.64105224609375,0.9207099795341491,0.5880935460329055
86,7271.990869140625,6963.229052734375,308.7618072509766,0.9180895686149597,0.5796710312366485
87,7231.760888671875,6932.905493164062,298.85545043945314,0.9197007834911346,0.5818429052829742
88,7248.85498046875,6957.010546875,291.84447326660154,0.91883185505867,0.5764000833034515
89,7255.4337890625,6963.213623046875,292.2201522827148,0.9191455245018005,0.5858956038951874
90,7237.84951171875,6923.008837890625,314.8406265258789,0.9179200768470764,0.5806882798671722
91,7251.104663085937,6956.5986328125,294.5059898376465,0.9220016717910766,0.5922943949699402
92,7256.174072265625,6946.62353515625,309.5504837036133,0.9208658277988434,0.5941648364067078
93,7256.238232421875,6943.717919921875,312.5202667236328,0.9184129774570465,0.5792426824569702
94,7262.774169921875,6966.875732421875,295.8984375,0.9210041642189026,0.5918505728244782
95,7228.510888671875,6930.967626953125,297.5432464599609,0.9189877152442932,0.5864826619625092
96,7246.922021484375,6950.825244140625,296.0967559814453,0.9185591042041779,0.5856965959072113
97,7247.480712890625,6944.342138671875,303.13843841552733,0.918763667345047,0.5778092801570892
98,7213.68330078125,6917.100048828125,296.58325958251953,0.922202330827713,0.6008876621723175
99,7224.53984375,6938.7557373046875,285.7841201782227,0.9201761543750763,0.5893311977386475
